engineer,merged_pr_count,merged_pr_volume_points,median_pr_cycle_hours,large_pr_share,authored_pr_review_coverage_pct,weeks_active,unique_prs_authored,domains_touched_inferred,domain_coverage_count,reviews_submitted,approvals_given,unique_authors_reviewed,review_weeks_active,unique_collaborators,momentum_raw,momentum_score,window_start,window_end,why,shipping_score,review_leverage_score,execution_flow_score,consistency_score,collaboration_score,impact_score_100,contributor_archetype
Azayed10,0.0,0.0,,0.0,,1.0,,general,0.0,1.0,0.0,1.0,1.0,1.0,1.5,0.0152788388082505,2025-08-28 23:32:32+00:00,2026-02-24 23:32:32+00:00,balanced contribution across multiple dimensions,0.0,0.0321618037135278,,0.1666666666666666,0.0769230769230769,3.392730916818138,Mixed
Basit-Balogun10,0.0,0.0,,0.0,,0.0,,general,0.0,0.0,0.0,0.0,,0.0,,0.0,2025-08-28 23:32:32+00:00,2026-02-24 23:32:32+00:00,balanced contribution across multiple dimensions,0.0,0.0,,0.0,0.0,0.0,Mixed
Classy-Bear,1.0,1.6094379124341005,1.3758333333333332,0.0,100.0,1.0,1.0,general,1.0,0.0,0.0,0.0,,0.0,2.0,0.0305576776165011,2025-08-28 23:32:32+00:00,2026-02-24 23:32:32+00:00,strong execution flow,0.0894736842105263,0.0,1.0,0.1666666666666666,0.0,19.656453969147467,Mixed
Daesgar,7.0,24.736829318965057,1.3730555555555557,0.0,100.0,4.0,7.0,"general,product_ops",2.0,8.0,6.0,6.0,4.0,6.0,11.5,0.320855614973262,2025-08-28 23:32:32+00:00,2026-02-24 23:32:32+00:00,strong execution flow,0.3763157894736841,0.2489332256948447,1.0,0.6666666666666666,0.4615384615384615,47.00341175836555,Mixed
EDsCODE,0.0,0.0,,0.0,,2.0,,general,0.0,7.0,7.0,3.0,2.0,3.0,4.5,0.106951871657754,2025-08-28 23:32:32+00:00,2026-02-24 23:32:32+00:00,balanced contribution across multiple dimensions,0.0,0.1833266059278052,,0.3333333333333333,0.2307692307692307,11.293709505798311,Mixed
Fizza-Mukhtar,0.0,0.0,,0.0,,0.0,,general,0.0,0.0,0.0,0.0,,0.0,,0.0,2025-08-28 23:32:32+00:00,2026-02-24 23:32:32+00:00,balanced contribution across multiple dimensions,0.0,0.0,,0.0,0.0,0.0,Mixed
Gilbert09,16.0,71.81187693034678,152.74097222222224,0.1875,100.0,7.0,16.0,"backend,data,frontend,general,infra",5.0,52.0,37.0,17.0,7.0,17.0,16.4,0.4705882352941176,2025-08-28 23:32:32+00:00,2026-02-24 23:32:32+00:00,"top-tier shipping impact, high review leverage, consistent weekly presence",0.881578947368421,1.0,0.35,1.0,1.0,81.40325077399379,Balanced
Greeva48,0.0,0.0,,0.0,,0.0,,general,0.0,0.0,0.0,0.0,,0.0,,0.0,2025-08-28 23:32:32+00:00,2026-02-24 23:32:32+00:00,balanced contribution across multiple dimensions,0.0,0.0,,0.0,0.0,0.0,Mixed
GreyCrossX,0.0,0.0,,0.0,,0.0,,general,0.0,0.0,0.0,0.0,,0.0,,0.0,2025-08-28 23:32:32+00:00,2026-02-24 23:32:32+00:00,balanced contribution across multiple dimensions,0.0,0.0,,0.0,0.0,0.0,Mixed
KevinRSDNguyen,0.0,0.0,,0.0,,0.0,,general,0.0,0.0,0.0,0.0,,0.0,,0.0,2025-08-28 23:32:32+00:00,2026-02-24 23:32:32+00:00,balanced contribution across multiple dimensions,0.0,0.0,,0.0,0.0,0.0,Mixed
MarconLP,8.0,40.71565958929048,18.651666666666664,0.625,100.0,4.0,8.0,"frontend,general,security",3.0,11.0,7.0,7.0,4.0,7.0,9.333333333333334,0.2546473134708429,2025-08-28 23:32:32+00:00,2026-02-24 23:32:32+00:00,strong execution flow,0.4657894736842105,0.3119738207819166,0.9065037563866944,0.6666666666666666,0.5384615384615384,49.96834126186512,Mixed
MattBro,14.0,49.25477659082557,7.510972222222222,0.0714285714285714,100.0,2.0,14.0,"backend,data,frontend,general,infra,product_ops,security",7.0,2.0,1.0,1.0,1.0,1.0,16.0,0.4583651642475171,2025-08-28 23:32:32+00:00,2026-02-24 23:32:32+00:00,"top-tier shipping impact, strong execution flow",0.8026315789473684,0.0501095606043132,0.9688472801321044,0.3333333333333333,0.0769230769230769,48.55061133054972,Shipper
MichaelKutsch-ph,4.0,13.359103672626532,179.72180555555553,0.0,100.0,3.0,4.0,"general,infra",2.0,3.0,3.0,3.0,3.0,3.0,6.5,0.1680672268907563,2025-08-28 23:32:32+00:00,2026-02-24 23:32:32+00:00,balanced contribution across multiple dimensions,0.2578947368421053,0.1115355783646637,0.35,0.5,0.2307692307692307,24.763596140979622,Mixed
NewSmoke38,0.0,0.0,,0.0,,0.0,,general,0.0,0.0,0.0,0.0,,0.0,,0.0,2025-08-28 23:32:32+00:00,2026-02-24 23:32:32+00:00,balanced contribution across multiple dimensions,0.0,0.0,,0.0,0.0,0.0,Mixed
Niceplace,0.0,0.0,,0.0,,0.0,,general,0.0,0.0,0.0,0.0,,0.0,,0.0,2025-08-28 23:32:32+00:00,2026-02-24 23:32:32+00:00,balanced contribution across multiple dimensions,0.0,0.0,,0.0,0.0,0.0,Mixed
Piccirello,7.0,31.415571604267388,10.412777777777778,0.1428571428571428,100.0,5.0,7.0,"general,security",2.0,32.0,22.0,22.0,5.0,22.0,11.5,0.320855614973262,2025-08-28 23:32:32+00:00,2026-02-24 23:32:32+00:00,"high review leverage, strong execution flow, consistent weekly presence",0.3763157894736841,0.7741609964248641,0.952608724765607,0.8333333333333334,1.0,66.47451894938219,Reviewer
Radu-Raicea,18.0,81.72211216710447,3.0794444444444444,0.1111111111111111,100.0,5.0,18.0,"data,general",2.0,73.0,45.0,5.0,5.0,5.0,55.0,1.0,2025-08-28 23:32:32+00:00,2026-02-24 23:32:32+00:00,"top-tier shipping impact, high review leverage, strong execution flow",0.8105263157894737,0.8461538461538461,0.9936461881912068,0.8333333333333334,0.3846153846153846,82.55381562988563,Balanced
ReeceJones,14.0,74.34884250065494,83.90138888888889,0.3571428571428571,100.0,4.0,14.0,general,1.0,27.0,18.0,5.0,4.0,5.0,28.5,0.8403361344537815,2025-08-28 23:32:32+00:00,2026-02-24 23:32:32+00:00,strong recent momentum,0.6026315789473684,0.5355927805328102,0.5413651533105587,0.6666666666666666,0.3846153846153846,58.50542603875801,Mixed
Sireeshreddy01,0.0,0.0,,0.0,,0.0,,general,0.0,0.0,0.0,0.0,,0.0,,0.0,2025-08-28 23:32:32+00:00,2026-02-24 23:32:32+00:00,balanced contribution across multiple dimensions,0.0,0.0,,0.0,0.0,0.0,Mixed
Suhaib3100,0.0,0.0,,0.0,,0.0,,general,0.0,0.0,0.0,0.0,,0.0,,0.0,2025-08-28 23:32:32+00:00,2026-02-24 23:32:32+00:00,balanced contribution across multiple dimensions,0.0,0.0,,0.0,0.0,0.0,Mixed
TueHaulund,19.0,94.90208756077458,7.669166666666666,0.3157894736842105,100.0,4.0,19.0,"backend,data,frontend,general,infra,mobile",6.0,29.0,25.0,9.0,4.0,9.0,34.5,1.0,2025-08-28 23:32:32+00:00,2026-02-24 23:32:32+00:00,"top-tier shipping impact, strong execution flow, strong recent momentum",1.0,0.6734949832775916,0.9679620212146468,0.6666666666666666,0.6923076923076923,84.94654848990308,Balanced
Twixes,31.0,123.44620214678405,22.51888888888889,0.1612903225806451,100.0,6.0,31.0,"backend,data,frontend,general,infra,product_ops",6.0,30.0,19.0,4.0,6.0,4.0,12.714285714285714,0.3579613663647277,2025-08-28 23:32:32+00:00,2026-02-24 23:32:32+00:00,"top-tier shipping impact, strong execution flow, consistent weekly presence",1.0,0.5601718371583436,0.8848627122271792,1.0,0.3076923076923077,73.93377335293663,Shipper
Vitor-Bukovitz,0.0,0.0,,0.0,,0.0,,general,0.0,0.0,0.0,0.0,,0.0,,0.0,2025-08-28 23:32:32+00:00,2026-02-24 23:32:32+00:00,balanced contribution across multiple dimensions,0.0,0.0,,0.0,0.0,0.0,Mixed
a-lider,2.0,11.364100577898318,1084.82,0.5,100.0,4.0,2.0,general,1.0,40.0,33.0,6.0,4.0,6.0,23.0,0.6722689075630252,2025-08-28 23:32:32+00:00,2026-02-24 23:32:32+00:00,high review leverage,0.1289473684210526,0.7826259946949599,0.35,0.6666666666666666,0.4615384615384615,46.68881127768711,Reviewer
abhischekt,2.0,12.88844195291824,32.64861111111111,0.5,100.0,2.0,2.0,general,1.0,4.0,3.0,2.0,2.0,2.0,5.0,0.1222307104660045,2025-08-28 23:32:32+00:00,2026-02-24 23:32:32+00:00,strong execution flow,0.1289473684210526,0.1052358436166531,0.828176606971825,0.3333333333333333,0.1538461538461538,25.0160682240802,Mixed
ablaszkiewicz,19.0,70.54060179319148,5.870277777777778,0.0526315789473684,100.0,5.0,19.0,"backend,frontend,general,mobile,product_ops,security",6.0,39.0,31.0,12.0,5.0,12.0,36.5,1.0,2025-08-28 23:32:32+00:00,2026-02-24 23:32:32+00:00,"top-tier shipping impact, high review leverage, strong execution flow",1.0,0.8850795755968167,0.9780286353488962,0.8333333333333334,0.9230769230769232,94.36152148425644,Balanced
adamleithp,23.0,95.24756432887636,4.341666666666667,0.1304347826086956,100.0,4.0,23.0,"data,frontend,general",3.0,52.0,50.0,21.0,4.0,21.0,50.0,1.0,2025-08-28 23:32:32+00:00,2026-02-24 23:32:32+00:00,"top-tier shipping impact, high review leverage, strong execution flow",0.9,1.0,0.9865827702440126,0.6666666666666666,1.0,93.46540822032684,Balanced
adboio,47.0,200.2209674920882,63.73305555555555,0.1702127659574468,100.0,8.0,47.0,"backend,data,frontend,general,infra,product_ops,rust,security",8.0,38.0,26.0,16.0,8.0,16.0,16.0,0.4583651642475171,2025-08-28 23:32:32+00:00,2026-02-24 23:32:32+00:00,"top-tier shipping impact, high review leverage, consistent weekly presence",1.0,0.8718140929535227,0.6542275044271915,1.0,1.0,86.19241653272111,Balanced
am-design-works,0.0,0.0,,0.0,,0.0,,general,0.0,0.0,0.0,0.0,,0.0,,0.0,2025-08-28 23:32:32+00:00,2026-02-24 23:32:32+00:00,balanced contribution across multiple dimensions,0.0,0.0,,0.0,0.0,0.0,Mixed
andehen,12.0,45.13545871611922,2.9238888888888885,0.0,100.0,3.0,12.0,"backend,general",2.0,15.0,14.0,6.0,3.0,6.0,20.5,0.5958747135217723,2025-08-28 23:32:32+00:00,2026-02-24 23:32:32+00:00,strong execution flow,0.5736842105263158,0.379584246338369,0.9945166798396288,0.5,0.4615384615384615,57.19201442244547,Mixed
andrewjmcgehee,14.0,60.91155594482363,20.66916666666667,0.2142857142857142,85.71428571428571,5.0,14.0,"data,general,infra",3.0,31.0,19.0,5.0,5.0,5.0,20.0,0.5805958747135217,2025-08-28 23:32:32+00:00,2026-02-24 23:32:32+00:00,"strong execution flow, consistent weekly presence",0.7026315789473684,0.5923336408718713,0.845213790596538,0.8333333333333334,0.3846153846153846,66.5509411757883,Shipper
andrewm4894,54.0,192.87834035788865,5.276111111111111,0.0925925925925925,100.0,6.0,54.0,"backend,data,frontend,general,infra",5.0,48.0,45.0,19.0,6.0,19.0,52.333333333333336,1.0,2025-08-28 23:32:32+00:00,2026-02-24 23:32:32+00:00,"top-tier shipping impact, high review leverage, strong execution flow",1.0,1.0,0.981353602555993,1.0,1.0,99.72030403833988,Balanced
andyzzhao,8.0,38.09558687086801,43.40611111111111,0.0,100.0,3.0,8.0,general,1.0,17.0,12.0,6.0,3.0,6.0,17.5,0.5042016806722689,2025-08-28 23:32:32+00:00,2026-02-24 23:32:32+00:00,strong execution flow,0.3657894736842105,0.3954128704878328,0.7679774461353399,0.5,0.4615384615384615,47.036069086859534,Mixed
anirudhpillai,11.0,45.286261650058535,13.563888888888888,0.0909090909090909,100.0,4.0,11.0,"frontend,general",2.0,9.0,9.0,4.0,4.0,4.0,16.5,0.4736440030557677,2025-08-28 23:32:32+00:00,2026-02-24 23:32:32+00:00,strong execution flow,0.5342105263157895,0.2384528889401452,0.9349750510875764,0.6666666666666666,0.3076923076923077,50.49229355343839,Mixed
annaszell,0.0,0.0,,0.0,,0.0,,general,0.0,0.0,0.0,0.0,,0.0,,0.0,2025-08-28 23:32:32+00:00,2026-02-24 23:32:32+00:00,balanced contribution across multiple dimensions,0.0,0.0,,0.0,0.0,0.0,Mixed
annikaschmid,1.0,1.6094379124341005,28.45722222222222,0.0,100.0,1.0,1.0,general,1.0,0.0,0.0,0.0,,0.0,2.0,0.0305576776165011,2025-08-28 23:32:32+00:00,2026-02-24 23:32:32+00:00,strong execution flow,0.0894736842105263,0.0,0.8516316935486764,0.1666666666666666,0.0,17.430929372377612,Mixed
arthurdedeus,11.0,49.24735673146122,88.4875,0.1818181818181818,100.0,4.0,11.0,"data,frontend,general",3.0,12.0,12.0,7.0,4.0,7.0,18.0,0.5194805194805194,2025-08-28 23:32:32+00:00,2026-02-24 23:32:32+00:00,balanced contribution across multiple dimensions,0.5842105263157895,0.3499884673048089,0.5157011941758369,0.6666666666666666,0.5384615384615384,51.25763263081871,Mixed
aspicer,6.0,28.178519045102664,94.03458333333332,0.3333333333333333,100.0,3.0,6.0,"backend,general,rust,security",4.0,5.0,3.0,4.0,2.0,4.0,9.5,0.2597402597402597,2025-08-28 23:32:32+00:00,2026-02-24 23:32:32+00:00,balanced contribution across multiple dimensions,0.4368421052631579,0.1566284165609502,0.4846596174380522,0.5,0.3076923076923077,34.965193507814945,Mixed
bbloomf,0.0,0.0,,0.0,,0.0,,general,0.0,0.0,0.0,0.0,,0.0,,0.0,2025-08-28 23:32:32+00:00,2026-02-24 23:32:32+00:00,balanced contribution across multiple dimensions,0.0,0.0,,0.0,0.0,0.0,Mixed
bciaraldi,1.0,4.543294782270004,19.194166666666668,0.0,100.0,3.0,1.0,general,1.0,6.0,4.0,4.0,3.0,4.0,5.0,0.1222307104660045,2025-08-28 23:32:32+00:00,2026-02-24 23:32:32+00:00,strong execution flow,0.0894736842105263,0.1745761734517356,0.9034679167628232,0.5,0.3076923076923077,29.89986379563465,Mixed
beatlevic,0.0,0.0,,0.0,,0.0,,general,0.0,0.0,0.0,0.0,,0.0,,0.0,2025-08-28 23:32:32+00:00,2026-02-24 23:32:32+00:00,balanced contribution across multiple dimensions,0.0,0.0,,0.0,0.0,0.0,Mixed
benjackwhite,7.0,38.51006060715184,95.84277777777778,0.4285714285714285,100.0,4.0,7.0,"backend,data,general,infra,security",5.0,12.0,7.0,6.0,4.0,6.0,14.0,0.3972498090145149,2025-08-28 23:32:32+00:00,2026-02-24 23:32:32+00:00,balanced contribution across multiple dimensions,0.5263157894736842,0.305674086033906,0.4745409292498346,0.6666666666666666,0.4615384615384615,45.80398914600213,Mixed
camerondeleone,0.0,0.0,,0.0,,0.0,,general,0.0,0.0,0.0,0.0,,0.0,,0.0,2025-08-28 23:32:32+00:00,2026-02-24 23:32:32+00:00,balanced contribution across multiple dimensions,0.0,0.0,,0.0,0.0,0.0,Mixed
carlos-marchal-ph,2.0,9.41897923708751,22.737916666666667,0.0,100.0,3.0,2.0,"data,general",2.0,28.0,25.0,5.0,3.0,5.0,17.0,0.4889228418640183,2025-08-28 23:32:32+00:00,2026-02-24 23:32:32+00:00,strong execution flow,0.1789473684210526,0.5836408718717561,0.8836370288972138,0.5,0.3846153846153846,46.94938054767771,Mixed
charlescook-ph,1.0,2.079441541679836,24.410833333333333,0.0,100.0,1.0,1.0,general,1.0,0.0,0.0,0.0,,0.0,2.0,0.0305576776165011,2025-08-28 23:32:32+00:00,2026-02-24 23:32:32+00:00,strong execution flow,0.0894736842105263,0.0,0.8742753575532489,0.1666666666666666,0.0,17.7705843324462,Mixed
charlesvien,1.0,1.0986122886681098,19.05305555555556,0.0,100.0,1.0,1.0,general,1.0,2.0,2.0,2.0,1.0,2.0,3.0,0.0611153552330022,2025-08-28 23:32:32+00:00,2026-02-24 23:32:32+00:00,strong execution flow,0.0894736842105263,0.0743570522431091,0.9042575770438916,0.1666666666666666,0.1538461538461538,21.92328224551012,Mixed
chatgpt-codex-connector,0.0,0.0,,0.0,,6.0,,general,0.0,106.0,0.0,8.0,6.0,8.0,14.714285714285714,0.4190767215977299,2025-08-28 23:32:32+00:00,2026-02-24 23:32:32+00:00,"high review leverage, consistent weekly presence",0.0,0.7538461538461538,,1.0,0.6153846153846154,39.190767215977296,Reviewer
christiaan-ph,5.0,12.946408708892578,3.0836111111111117,0.0,100.0,3.0,5.0,"backend,data,frontend,general",4.0,1.0,0.0,1.0,1.0,1.0,6.5,0.1680672268907563,2025-08-28 23:32:32+00:00,2026-02-24 23:32:32+00:00,strong execution flow,0.3973684210526316,0.0321618037135278,0.993622871450624,0.5,0.0769230769230769,35.07934383431484,Mixed
clickhouse-sync-posthog,4.0,7.690286020676769,10.55,0.0,100.0,2.0,4.0,"data,infra",2.0,0.0,0.0,0.0,,0.0,5.0,0.1222307104660045,2025-08-28 23:32:32+00:00,2026-02-24 23:32:32+00:00,strong execution flow,0.2578947368421053,0.0,0.9518408267757492,0.3333333333333333,0.0,26.570094944892773,Mixed
clr182,4.0,17.927216534852143,11.889166666666668,0.25,100.0,2.0,4.0,general,1.0,2.0,2.0,2.0,2.0,2.0,6.0,0.1527883880825057,2025-08-28 23:32:32+00:00,2026-02-24 23:32:32+00:00,strong execution flow,0.2078947368421052,0.0743570522431091,0.9443468263524606,0.3333333333333333,0.1538461538461538,28.660649559247727,Mixed
copilot-pull-request-reviewer,0.0,0.0,,0.0,,8.0,,general,0.0,366.0,0.0,31.0,8.0,31.0,20.764705882352946,0.603963510537905,2025-08-28 23:32:32+00:00,2026-02-24 23:32:32+00:00,"high review leverage, consistent weekly presence, broad collaboration",0.0,0.85,,1.0,1.0,47.28963510537905,Reviewer
cubic-dev-ai,0.0,0.0,,0.0,,5.0,,general,0.0,27.0,0.0,17.0,5.0,17.0,0.1153846153846153,0.0,2025-08-28 23:32:32+00:00,2026-02-24 23:32:32+00:00,"consistent weekly presence, broad collaboration",0.0,0.5991379310344824,,0.8333333333333334,1.0,33.31178160919539,Mixed
cvolzer3,5.0,26.44439166507477,133.69416666666666,0.4,100.0,2.0,5.0,general,1.0,1.0,1.0,1.0,1.0,1.0,6.5,0.1680672268907563,2025-08-28 23:32:32+00:00,2026-02-24 23:32:32+00:00,balanced contribution across multiple dimensions,0.2473684210526315,0.0371785261215545,0.35,0.3333333333333333,0.0769230769230769,19.383752156089475,Mixed
danielalanbates,0.0,0.0,,0.0,,0.0,,general,0.0,0.0,0.0,0.0,,0.0,,0.0,2025-08-28 23:32:32+00:00,2026-02-24 23:32:32+00:00,balanced contribution across multiple dimensions,0.0,0.0,,0.0,0.0,0.0,Mixed
danielcarletti,0.0,0.0,,0.0,,0.0,,general,0.0,0.0,0.0,0.0,,0.0,,0.0,2025-08-28 23:32:32+00:00,2026-02-24 23:32:32+00:00,balanced contribution across multiple dimensions,0.0,0.0,,0.0,0.0,0.0,Mixed
danielxnj,1.0,5.459585514144159,201.0661111111111,0.0,100.0,1.0,1.0,general,1.0,0.0,0.0,0.0,,0.0,2.0,0.0305576776165011,2025-08-28 23:32:32+00:00,2026-02-24 23:32:32+00:00,balanced contribution across multiple dimensions,0.0894736842105263,0.0,0.35,0.1666666666666666,0.0,9.906453969147467,Mixed
daniloc,1.0,2.4849066497880004,2.961388888888889,0.0,100.0,1.0,1.0,general,1.0,0.0,0.0,0.0,,0.0,2.0,0.0305576776165011,2025-08-28 23:32:32+00:00,2026-02-24 23:32:32+00:00,strong execution flow,0.0894736842105263,0.0,0.9943068291743842,0.1666666666666666,0.0,19.57105640676323,Mixed
darkopia,5.0,9.5184131340757,0.5747222222222222,0.0,100.0,2.0,5.0,general,1.0,0.0,0.0,0.0,,0.0,6.0,0.1527883880825057,2025-08-28 23:32:32+00:00,2026-02-24 23:32:32+00:00,strong execution flow,0.2473684210526315,0.0,1.0,0.3333333333333333,0.0,27.28226984573734,Mixed
david-is-back,0.0,0.0,,0.0,,0.0,,general,0.0,0.0,0.0,0.0,,0.0,,0.0,2025-08-28 23:32:32+00:00,2026-02-24 23:32:32+00:00,balanced contribution across multiple dimensions,0.0,0.0,,0.0,0.0,0.0,Mixed
dependabot,8.0,31.95040066976134,55.13541666666667,0.25,100.0,2.0,8.0,"backend,data,frontend,infra",4.0,0.0,0.0,0.0,,0.0,9.0,0.2444614209320091,2025-08-28 23:32:32+00:00,2026-02-24 23:32:32+00:00,strong execution flow,0.5157894736842106,0.0,0.7023400441702767,0.3333333333333333,0.0,31.78673241573389,Mixed
dmarticus,21.0,98.48440478570208,7.313333333333333,0.2857142857142857,100.0,4.0,21.0,"backend,frontend,general,product_ops",4.0,23.0,19.0,10.0,4.0,10.0,33.5,0.9931245225362872,2025-08-28 23:32:32+00:00,2026-02-24 23:32:32+00:00,"top-tier shipping impact, strong execution flow, broad collaboration",0.95,0.5850392111636487,0.9699532708604116,0.6666666666666666,0.7692307692307693,81.96549892633462,Shipper
dustinbyrne,0.0,0.0,,0.0,,1.0,,general,0.0,1.0,0.0,1.0,1.0,1.0,1.5,0.0152788388082505,2025-08-28 23:32:32+00:00,2026-02-24 23:32:32+00:00,balanced contribution across multiple dimensions,0.0,0.0321618037135278,,0.1666666666666666,0.0769230769230769,3.392730916818138,Mixed
edwinyjlim,0.0,0.0,,0.0,,1.0,,general,0.0,1.0,1.0,1.0,1.0,1.0,1.5,0.0152788388082505,2025-08-28 23:32:32+00:00,2026-02-24 23:32:32+00:00,balanced contribution across multiple dimensions,0.0,0.0371785261215545,,0.1666666666666666,0.0769230769230769,3.518148977018807,Mixed
eli-r-ph,26.0,132.7052222864798,10.717777777777778,0.3461538461538461,100.0,4.0,26.0,"data,general,infra,product_ops,rust,security",6.0,35.0,21.0,9.0,4.0,9.0,44.5,1.0,2025-08-28 23:32:32+00:00,2026-02-24 23:32:32+00:00,"top-tier shipping impact, strong execution flow, strong recent momentum",1.0,0.7310143005420363,0.9509019393549514,0.6666666666666666,0.6923076923076923,86.12863019361876,Balanced
ericls,0.0,0.0,,0.0,,0.0,,general,0.0,0.0,0.0,0.0,,0.0,,0.0,2025-08-28 23:32:32+00:00,2026-02-24 23:32:32+00:00,balanced contribution across multiple dimensions,0.0,0.0,,0.0,0.0,0.0,Mixed
estefaniarabadan,9.0,44.848557331316016,7.635833333333333,0.1111111111111111,100.0,6.0,9.0,"backend,data,general,infra,product_ops",5.0,40.0,17.0,4.0,6.0,4.0,19.666666666666668,0.5704099821746881,2025-08-28 23:32:32+00:00,2026-02-24 23:32:32+00:00,"strong execution flow, consistent weekly presence",0.6052631578947368,0.6794487371698762,0.9681485551393084,1.0,0.3076923076923077,68.44736439184858,Reviewer
fasyy612,13.0,51.84662799988255,19.22805555555556,0.0,100.0,5.0,13.0,"frontend,general,rust",3.0,18.0,14.0,4.0,5.0,4.0,23.0,0.6722689075630252,2025-08-28 23:32:32+00:00,2026-02-24 23:32:32+00:00,"strong execution flow, consistent weekly presence",0.6631578947368422,0.3799158113251064,0.9032782739394172,0.8333333333333334,0.3076923076923077,61.07475172021085,Shipper
fercgomes,10.0,47.670639465547865,3.035277777777778,0.2,100.0,3.0,10.0,"backend,frontend,general,infra,security",5.0,51.0,33.0,6.0,3.0,6.0,36.5,1.0,2025-08-28 23:32:32+00:00,2026-02-24 23:32:32+00:00,"high review leverage, strong execution flow, strong recent momentum",0.6447368421052632,0.8653846153846154,0.9938933456413838,0.5,0.4615384615384615,75.50050544777865,Reviewer
frankh,10.0,44.36386078520511,11.49125,0.1,100.0,2.0,10.0,"general,infra,product_ops",3.0,16.0,12.0,4.0,2.0,4.0,19.0,0.5500381970970206,2025-08-28 23:32:32+00:00,2026-02-24 23:32:32+00:00,strong execution flow,0.5447368421052632,0.3440202975435357,0.9465735750781112,0.3333333333333333,0.3076923076923077,51.05185470914456,Mixed
fuziontech,6.0,21.66883578635088,0.5072222222222222,0.0,100.0,2.0,6.0,"data,general",2.0,1.0,1.0,1.0,1.0,1.0,4.666666666666667,0.1120448179271708,2025-08-28 23:32:32+00:00,2026-02-24 23:32:32+00:00,strong execution flow,0.3368421052631579,0.0371785261215545,1.0,0.3333333333333333,0.0769230769230769,31.257738592769407,Mixed
gantoine,1.0,5.056245805348308,3.9930555555555554,0.0,100.0,1.0,1.0,general,1.0,1.0,1.0,1.0,1.0,1.0,2.5,0.0458365164247517,2025-08-28 23:32:32+00:00,2026-02-24 23:32:32+00:00,strong execution flow,0.0894736842105263,0.0371785261215545,0.9885336042061008,0.1666666666666666,0.0769230769230769,21.33594034259112,Mixed
gdeglin,0.0,0.0,,0.0,,0.0,,general,0.0,0.0,0.0,0.0,,0.0,,0.0,2025-08-28 23:32:32+00:00,2026-02-24 23:32:32+00:00,balanced contribution across multiple dimensions,0.0,0.0,,0.0,0.0,0.0,Mixed
georgemunyoro,4.0,23.80331402332162,102.57777777777778,0.5,100.0,3.0,4.0,"backend,data,general,product_ops",4.0,27.0,24.0,21.0,3.0,21.0,18.5,0.5347593582887701,2025-08-28 23:32:32+00:00,2026-02-24 23:32:32+00:00,broad collaboration,0.3578947368421052,0.7195392688271245,0.4368517497719144,0.5,1.0,55.62569365540768,Reviewer
gesh,10.0,39.377247824026064,17.895,0.3,100.0,4.0,10.0,"backend,data,frontend,general,product_ops",5.0,26.0,23.0,4.0,4.0,4.0,24.0,0.7028265851795263,2025-08-28 23:32:32+00:00,2026-02-24 23:32:32+00:00,"strong execution flow, strong recent momentum",0.6447368421052632,0.5285145888594162,0.9107380764765176,0.6666666666666666,0.3076923076923077,62.98789672717607,Mixed
gewenyu99,1.0,8.193400231952097,217.71416666666667,1.0,100.0,1.0,1.0,general,1.0,1.0,1.0,1.0,1.0,1.0,2.5,0.0458365164247517,2025-08-28 23:32:32+00:00,2026-02-24 23:32:32+00:00,balanced contribution across multiple dimensions,0.0894736842105263,0.0371785261215545,0.35,0.1666666666666666,0.0769230769230769,11.757936279499608,Mixed
github-actions,0.0,0.0,,0.0,,2.0,,general,0.0,16.0,0.0,9.0,2.0,9.0,9.0,0.2444614209320091,2025-08-28 23:32:32+00:00,2026-02-24 23:32:32+00:00,balanced contribution across multiple dimensions,0.0,0.3799734748010608,,0.3333333333333333,0.6923076923076923,22.200361335756867,Mixed
github-advanced-security,0.0,0.0,,0.0,,6.0,,general,0.0,40.0,0.0,27.0,6.0,27.0,10.0,0.2750190985485103,2025-08-28 23:32:32+00:00,2026-02-24 23:32:32+00:00,"high review leverage, consistent weekly presence, broad collaboration",0.0,0.7672413793103444,,1.0,1.0,41.93122546824372,Reviewer
grandhi02,0.0,0.0,,0.0,,0.0,,general,0.0,0.0,0.0,0.0,,0.0,,0.0,2025-08-28 23:32:32+00:00,2026-02-24 23:32:32+00:00,balanced contribution across multiple dimensions,0.0,0.0,,0.0,0.0,0.0,Mixed
graphite-app,0.0,0.0,,0.0,,7.0,,general,0.0,708.0,0.0,90.0,7.0,90.0,17.256410256410255,0.4967581438169673,2025-08-28 23:32:32+00:00,2026-02-24 23:32:32+00:00,"high review leverage, consistent weekly presence, broad collaboration",0.0,0.85,,1.0,1.0,46.21758143816967,Reviewer
greptile-apps,0.0,0.0,,0.0,,19.0,,general,0.0,1094.0,0.0,128.0,19.0,128.0,10.73913043478261,0.2976052080911416,2025-08-28 23:32:32+00:00,2026-02-24 23:32:32+00:00,"high review leverage, consistent weekly presence, broad collaboration",0.0,0.85,,1.0,1.0,44.226052080911415,Reviewer
gustavohstrassburger,6.0,28.256737907689452,113.75833333333334,0.1666666666666666,100.0,4.0,6.0,"frontend,general,infra",3.0,15.0,14.0,5.0,4.0,5.0,9.333333333333334,0.2546473134708429,2025-08-28 23:32:32+00:00,2026-02-24 23:32:32+00:00,balanced contribution across multiple dimensions,0.3868421052631579,0.3603534771075999,0.3742851625415965,0.6666666666666666,0.3846153846153846,39.28767117123761,Mixed
haacked,17.0,81.41314922681582,18.06194444444445,0.2352941176470588,100.0,6.0,17.0,"general,product_ops",2.0,37.0,17.0,13.0,6.0,13.0,17.75,0.5118411000763942,2025-08-28 23:32:32+00:00,2026-02-24 23:32:32+00:00,"top-tier shipping impact, high review leverage, strong execution flow",0.7710526315789473,0.8137325567985234,0.9098038524038364,1.0,1.0,82.24036165415299,Balanced
harihran-del,1.0,3.218875824868201,114.45694444444445,0.0,100.0,1.0,1.0,general,1.0,0.0,0.0,0.0,,0.0,2.0,0.0305576776165011,2025-08-28 23:32:32+00:00,2026-02-24 23:32:32+00:00,balanced contribution across multiple dimensions,0.0894736842105263,0.0,0.3703757223705591,0.1666666666666666,0.0,10.212089804705856,Mixed
havenbarnes,9.0,38.39773003232168,19.926388888888887,0.2222222222222222,100.0,6.0,9.0,"backend,frontend,general,security",4.0,84.0,27.0,8.0,6.0,8.0,16.666666666666668,0.4787369493251846,2025-08-28 23:32:32+00:00,2026-02-24 23:32:32+00:00,"high review leverage, strong execution flow, consistent weekly presence",0.5552631578947369,0.8892976588628763,0.8993703882177521,1.0,0.6153846153846154,73.3221076787783,Reviewer
hex-security-app,0.0,0.0,,0.0,,1.0,,general,0.0,6.0,0.0,4.0,1.0,4.0,4.0,0.0916730328495034,2025-08-28 23:32:32+00:00,2026-02-24 23:32:32+00:00,balanced contribution across multiple dimensions,0.0,0.1545092838196285,,0.1666666666666666,0.3076923076923077,9.523052167575493,Mixed
hpouillot,18.0,77.59097571859564,18.5025,0.1666666666666666,100.0,5.0,18.0,"frontend,general",2.0,27.0,18.0,7.0,5.0,7.0,31.5,0.9320091673032848,2025-08-28 23:32:32+00:00,2026-02-24 23:32:32+00:00,"top-tier shipping impact, strong execution flow, consistent weekly presence",0.8105263157894737,0.5740543189943487,0.907338495699556,0.8333333333333334,0.5384615384615384,75.31526527501784,Shipper
ioannisj,2.0,13.451785103198684,877.7581944444445,1.0,100.0,3.0,2.0,general,1.0,3.0,3.0,3.0,3.0,3.0,4.5,0.106951871657754,2025-08-28 23:32:32+00:00,2026-02-24 23:32:32+00:00,balanced contribution across multiple dimensions,0.1289473684210526,0.1115355783646637,0.35,0.5,0.2307692307692307,20.28402153601802,Mixed
ja-me-sk,0.0,0.0,,0.0,,0.0,,general,0.0,0.0,0.0,0.0,,0.0,,0.0,2025-08-28 23:32:32+00:00,2026-02-24 23:32:32+00:00,balanced contribution across multiple dimensions,0.0,0.0,,0.0,0.0,0.0,Mixed
jabahamondes,10.0,44.01929436787595,121.73916666666666,0.2,100.0,5.0,10.0,"data,frontend,general",3.0,18.0,15.0,9.0,5.0,9.0,7.4,0.1955691367456073,2025-08-28 23:32:32+00:00,2026-02-24 23:32:32+00:00,consistent weekly presence,0.5447368421052632,0.4810863798869793,0.35,0.8333333333333334,0.6923076923076923,50.83136638419871,Mixed
joethreepwood,0.0,0.0,,0.0,,1.0,,general,0.0,1.0,1.0,1.0,1.0,1.0,1.5,0.0152788388082505,2025-08-28 23:32:32+00:00,2026-02-24 23:32:32+00:00,balanced contribution across multiple dimensions,0.0,0.0371785261215545,,0.1666666666666666,0.0769230769230769,3.518148977018807,Mixed
jonathanlab,0.0,0.0,,0.0,,3.0,,general,0.0,6.0,3.0,1.0,3.0,1.0,4.0,0.0916730328495034,2025-08-28 23:32:32+00:00,2026-02-24 23:32:32+00:00,balanced contribution across multiple dimensions,0.0,0.1118671433514011,,0.5,0.0769230769230769,9.482639681510832,Mixed
jonmcwest,10.0,41.763685349897045,3.536388888888889,0.1,100.0,1.0,10.0,"general,product_ops",2.0,1.0,1.0,1.0,1.0,1.0,11.5,0.320855614973262,2025-08-28 23:32:32+00:00,2026-02-24 23:32:32+00:00,strong execution flow,0.4947368421052631,0.0371785261215545,0.9910891189739678,0.1666666666666666,0.0769230769230769,36.28235878643633,Mixed
jordanm-posthog,12.0,59.87753178951608,86.33805555555556,0.3333333333333333,100.0,3.0,12.0,"backend,data,frontend,general",4.0,14.0,11.0,4.0,3.0,4.0,20.0,0.5805958747135217,2025-08-28 23:32:32+00:00,2026-02-24 23:32:32+00:00,balanced contribution across multiple dimensions,0.6736842105263158,0.3131415061699917,0.5277295234177798,0.5,0.3076923076923077,49.83788864536426,Shipper
jose-sequeira,28.0,122.73995121761476,3.861805555555556,0.1785714285714285,100.0,5.0,28.0,"backend,data,frontend,general,product_ops,rust",6.0,47.0,24.0,7.0,5.0,7.0,51.5,1.0,2025-08-28 23:32:32+00:00,2026-02-24 23:32:32+00:00,"top-tier shipping impact, high review leverage, strong execution flow",1.0,0.8550167224080266,0.9892680815344568,0.8333333333333334,0.5384615384615384,89.93238800116623,Balanced
joshsny,13.0,58.40024818390259,23.413055555555555,0.2307692307692307,100.0,6.0,13.0,"backend,general,product_ops",3.0,41.0,32.0,12.0,6.0,12.0,22.666666666666668,0.6620830150241915,2025-08-28 23:32:32+00:00,2026-02-24 23:32:32+00:00,"high review leverage, strong execution flow, consistent weekly presence",0.6631578947368422,0.9109416445623338,0.8798589396981259,1.0,0.9230769230769232,81.71776143264665,Balanced
jshorwitz,0.0,0.0,,0.0,,0.0,,general,0.0,0.0,0.0,0.0,,0.0,,0.0,2025-08-28 23:32:32+00:00,2026-02-24 23:32:32+00:00,balanced contribution across multiple dimensions,0.0,0.0,,0.0,0.0,0.0,Mixed
jurajmajerik,12.0,60.59426710055087,17.382777777777775,0.1666666666666666,100.0,4.0,12.0,"data,general",2.0,17.0,17.0,6.0,4.0,6.0,21.5,0.6264323911382734,2025-08-28 23:32:32+00:00,2026-02-24 23:32:32+00:00,strong execution flow,0.5736842105263158,0.4204964825279665,0.9136044811188208,0.6666666666666666,0.4615384615384615,58.97338078920497,Mixed
k11kirky,2.0,9.70063670448968,24.19180555555556,0.5,100.0,1.0,2.0,general,1.0,0.0,0.0,0.0,,0.0,3.0,0.0611153552330022,2025-08-28 23:32:32+00:00,2026-02-24 23:32:32+00:00,strong execution flow,0.1289473684210526,0.0,0.8755010408832142,0.1666666666666666,0.0,19.278756884876483,Mixed
kappa90,3.0,11.741366957377736,1.7702777777777778,0.0,100.0,3.0,3.0,general,1.0,9.0,5.0,4.0,3.0,4.0,5.333333333333333,0.1324166030048383,2025-08-28 23:32:32+00:00,2026-02-24 23:32:32+00:00,strong execution flow,0.1684210526315789,0.2183859993080382,1.0,0.5,0.3076923076923077,34.913370668619784,Mixed
kriscoleman,0.0,0.0,,0.0,,0.0,,general,0.0,0.0,0.0,0.0,,0.0,,0.0,2025-08-28 23:32:32+00:00,2026-02-24 23:32:32+00:00,balanced contribution across multiple dimensions,0.0,0.0,,0.0,0.0,0.0,Mixed
ksvat,7.0,22.72686717903249,65.58527777777778,0.0,100.0,4.0,7.0,"frontend,general",2.0,22.0,11.0,5.0,4.0,5.0,12.333333333333334,0.3463203463203463,2025-08-28 23:32:32+00:00,2026-02-24 23:32:32+00:00,balanced contribution across multiple dimensions,0.3763157894736841,0.4358205512628298,0.643862436013483,0.6666666666666666,0.3846153846153846,45.81894798200749,Mixed
langesven,0.0,0.0,,0.0,,3.0,,general,0.0,7.0,7.0,5.0,3.0,5.0,4.5,0.106951871657754,2025-08-28 23:32:32+00:00,2026-02-24 23:32:32+00:00,balanced contribution across multiple dimensions,0.0,0.2217881443893437,,0.5,0.3846153846153846,15.46037617246498,Mixed
lmenezes,8.0,51.44091388659899,63.030138888888885,0.75,100.0,5.0,8.0,"data,general",2.0,33.0,33.0,6.0,5.0,6.0,25.5,0.7486631016042781,2025-08-28 23:32:32+00:00,2026-02-24 23:32:32+00:00,"consistent weekly presence, strong recent momentum",0.4157894736842105,0.6921087533156496,0.6581610385634975,0.8333333333333334,0.4615384615384615,60.08416758663074,Reviewer
lricoy,12.0,58.57071858883411,18.779722222222222,0.1666666666666666,91.66666666666666,5.0,12.0,"data,frontend,general",3.0,26.0,25.0,13.0,5.0,13.0,17.0,0.4889228418640183,2025-08-28 23:32:32+00:00,2026-02-24 23:32:32+00:00,"strong execution flow, consistent weekly presence, broad collaboration",0.6236842105263157,0.7116249567523929,0.876620488559452,0.8333333333333334,1.0,72.87301931496458,Reviewer
lshaowei18,0.0,0.0,,0.0,,0.0,,general,0.0,0.0,0.0,0.0,,0.0,,0.0,2025-08-28 23:32:32+00:00,2026-02-24 23:32:32+00:00,balanced contribution across multiple dimensions,0.0,0.0,,0.0,0.0,0.0,Mixed
lucasheriques,5.0,25.49632206077632,205.55555555555557,0.4,100.0,4.0,5.0,"frontend,general",2.0,31.0,31.0,6.0,4.0,6.0,21.5,0.6264323911382734,2025-08-28 23:32:32+00:00,2026-02-24 23:32:32+00:00,balanced contribution across multiple dimensions,0.2973684210526316,0.6662466843501323,0.35,0.6666666666666666,0.4615384615384615,48.37359493376627,Reviewer
luke-belton,11.0,33.20530055868741,3.1791666666666667,0.0,100.0,3.0,11.0,"data,frontend,general",3.0,0.0,0.0,0.0,,0.0,12.0,0.3361344537815126,2025-08-28 23:32:32+00:00,2026-02-24 23:32:32+00:00,strong execution flow,0.5842105263157895,0.0,0.9930881408665936,0.5,0.0,40.78398244028771,Mixed
manan19,0.0,0.0,,0.0,,0.0,,general,0.0,0.0,0.0,0.0,,0.0,,0.0,2025-08-28 23:32:32+00:00,2026-02-24 23:32:32+00:00,balanced contribution across multiple dimensions,0.0,0.0,,0.0,0.0,0.0,Mixed
marandaneto,0.0,0.0,,0.0,,5.0,,general,0.0,19.0,8.0,7.0,5.0,7.0,8.5,0.2291825821237585,2025-08-28 23:32:32+00:00,2026-02-24 23:32:32+00:00,consistent weekly presence,0.0,0.4204388190520122,,0.8333333333333334,0.5384615384615384,26.520745015486607,Mixed
mariusandra,12.0,63.63060859219138,43.25861111111111,0.4166666666666667,100.0,6.0,12.0,"backend,data,frontend,general",4.0,52.0,30.0,21.0,6.0,21.0,14.8,0.4216959511077158,2025-08-28 23:32:32+00:00,2026-02-24 23:32:32+00:00,"high review leverage, strong execution flow, consistent weekly presence",0.6736842105263158,1.0,0.7688028587519684,1.0,1.0,80.95952870814614,Balanced
masylum,0.0,0.0,,0.0,,0.0,,general,0.0,0.0,0.0,0.0,,0.0,,0.0,2025-08-28 23:32:32+00:00,2026-02-24 23:32:32+00:00,balanced contribution across multiple dimensions,0.0,0.0,,0.0,0.0,0.0,Mixed
matheus-vb,5.0,26.217024733799825,91.365,0.2,100.0,4.0,5.0,general,1.0,13.0,11.0,4.0,4.0,4.0,12.5,0.3514132925897631,2025-08-28 23:32:32+00:00,2026-02-24 23:32:32+00:00,balanced contribution across multiple dimensions,0.2473684210526315,0.3002104716872332,0.4995986531294055,0.6666666666666666,0.3076923076923077,35.67801689018823,Mixed
matt-metivier,0.0,0.0,,0.0,,0.0,,general,0.0,0.0,0.0,0.0,,0.0,,0.0,2025-08-28 23:32:32+00:00,2026-02-24 23:32:32+00:00,balanced contribution across multiple dimensions,0.0,0.0,,0.0,0.0,0.0,Mixed
maxispeicher,0.0,0.0,,0.0,,2.0,,general,0.0,2.0,0.0,1.0,2.0,1.0,2.0,0.0305576776165011,2025-08-28 23:32:32+00:00,2026-02-24 23:32:32+00:00,balanced contribution across multiple dimensions,0.0,0.0450928381962864,,0.3333333333333333,0.0769230769230769,5.535461833636275,Mixed
meikelmosby,24.0,117.9373342963919,17.42791666666667,0.2916666666666667,100.0,5.0,24.0,"backend,data,frontend,general,product_ops",5.0,19.0,13.0,8.0,5.0,8.0,34.0,1.0,2025-08-28 23:32:32+00:00,2026-02-24 23:32:32+00:00,"top-tier shipping impact, strong execution flow, consistent weekly presence",1.0,0.4647532003229152,0.9133518830958414,0.8333333333333334,0.6153846153846154,79.80628774168999,Shipper
mendral-app,30.0,76.16246500857996,0.737638888888889,0.0,96.66666666666669,3.0,30.0,"backend,data,frontend,general,infra,product_ops,security",7.0,0.0,0.0,0.0,,0.0,31.0,0.9167303284950344,2025-08-28 23:32:32+00:00,2026-02-24 23:32:32+00:00,"top-tier shipping impact, strong execution flow, strong recent momentum",1.0,0.0,0.9883333333333332,0.5,0.0,58.992303284950346,Shipper
minekansu,0.0,0.0,,0.0,,1.0,,general,0.0,1.0,1.0,1.0,1.0,1.0,1.5,0.0152788388082505,2025-08-28 23:32:32+00:00,2026-02-24 23:32:32+00:00,balanced contribution across multiple dimensions,0.0,0.0371785261215545,,0.1666666666666666,0.0769230769230769,3.518148977018807,Mixed
mixelburg,0.0,0.0,,0.0,,0.0,,general,0.0,0.0,0.0,0.0,,0.0,,0.0,2025-08-28 23:32:32+00:00,2026-02-24 23:32:32+00:00,balanced contribution across multiple dimensions,0.0,0.0,,0.0,0.0,0.0,Mixed
mp-hog,9.0,48.28238760744226,24.365277777777777,0.3333333333333333,100.0,4.0,9.0,"frontend,general,infra",3.0,19.0,17.0,6.0,4.0,6.0,19.5,0.5653170359052712,2025-08-28 23:32:32+00:00,2026-02-24 23:32:32+00:00,strong execution flow,0.5052631578947369,0.4463585514934838,0.8745302872502867,0.6666666666666666,0.4615384615384615,56.37003447403748,Mixed
naaa760,0.0,0.0,,0.0,,0.0,,general,0.0,0.0,0.0,0.0,,0.0,,0.0,2025-08-28 23:32:32+00:00,2026-02-24 23:32:32+00:00,balanced contribution across multiple dimensions,0.0,0.0,,0.0,0.0,0.0,Mixed
natalia-amorim,0.0,0.0,,0.0,,1.0,,general,0.0,1.0,1.0,1.0,1.0,1.0,1.5,0.0152788388082505,2025-08-28 23:32:32+00:00,2026-02-24 23:32:32+00:00,balanced contribution across multiple dimensions,0.0,0.0371785261215545,,0.1666666666666666,0.0769230769230769,3.518148977018807,Mixed
nickbest-ph,13.0,48.58737603939107,3.448888888888889,0.0,100.0,4.0,13.0,"backend,frontend,general,infra,rust,security",6.0,32.0,22.0,4.0,4.0,4.0,29.5,0.8708938120702826,2025-08-28 23:32:32+00:00,2026-02-24 23:32:32+00:00,"top-tier shipping impact, strong execution flow, strong recent momentum",0.7631578947368421,0.601084073347941,0.991578770526205,0.6666666666666666,0.3076923076923077,71.24804809798944,Shipper
nielskaspers,0.0,0.0,,0.0,,0.0,,general,0.0,0.0,0.0,0.0,,0.0,,0.0,2025-08-28 23:32:32+00:00,2026-02-24 23:32:32+00:00,balanced contribution across multiple dimensions,0.0,0.0,,0.0,0.0,0.0,Mixed
odin-posthog,0.0,0.0,,0.0,,0.0,,general,0.0,0.0,0.0,0.0,,0.0,,0.0,2025-08-28 23:32:32+00:00,2026-02-24 23:32:32+00:00,balanced contribution across multiple dimensions,0.0,0.0,,0.0,0.0,0.0,Mixed
oliverb123,18.0,86.11713847359026,4.112916666666667,0.2222222222222222,100.0,4.0,18.0,"frontend,general,product_ops",3.0,51.0,29.0,8.0,4.0,8.0,44.5,1.0,2025-08-28 23:32:32+00:00,2026-02-24 23:32:32+00:00,"top-tier shipping impact, high review leverage, strong execution flow",0.8605263157894737,0.8993311036789298,0.9878628593020043,0.6666666666666666,0.6153846153846154,85.93752277570033,Balanced
ordehi,7.0,30.57261547689449,23.876666666666665,0.0,100.0,2.0,7.0,general,1.0,0.0,0.0,0.0,,0.0,8.0,0.213903743315508,2025-08-28 23:32:32+00:00,2026-02-24 23:32:32+00:00,strong execution flow,0.3263157894736841,0.0,0.8772645636959545,0.3333333333333333,0.0,28.42081290613826,Mixed
orian,5.0,18.58391570503833,10.591111111111111,0.0,100.0,6.0,5.0,"data,general",2.0,30.0,18.0,13.0,6.0,13.0,13.0,0.3666921313980137,2025-08-28 23:32:32+00:00,2026-02-24 23:32:32+00:00,"strong execution flow, consistent weekly presence, broad collaboration",0.2973684210526316,0.7282320378272399,0.9516107682686662,1.0,1.0,65.06793641527007,Reviewer
patricio-posthog,9.0,39.57251558323089,69.43083333333334,0.2222222222222222,100.0,3.0,9.0,"general,product_ops,rust",3.0,14.0,12.0,3.0,3.0,3.0,17.0,0.4889228418640183,2025-08-28 23:32:32+00:00,2026-02-24 23:32:32+00:00,balanced contribution across multiple dimensions,0.5052631578947369,0.2989274593472493,0.622342638904998,0.5,0.2307692307692307,44.1631415304308,Mixed
pauldambra,58.0,218.2724635573724,14.605694444444444,0.1379310344827586,100.0,8.0,58.0,"backend,data,frontend,general,infra",5.0,104.0,40.0,26.0,8.0,26.0,42.4,1.0,2025-08-28 23:32:32+00:00,2026-02-24 23:32:32+00:00,"top-tier shipping impact, high review leverage, strong execution flow",1.0,1.0,0.9291450887172086,1.0,1.0,98.93717633075812,Balanced
pawel-cebula,3.0,9.53567943560506,1.0525,0.0,100.0,2.0,3.0,general,1.0,4.0,2.0,1.0,2.0,1.0,6.0,0.1527883880825057,2025-08-28 23:32:32+00:00,2026-02-24 23:32:32+00:00,strong execution flow,0.1684210526315789,0.0809883519778571,1.0,0.3333333333333333,0.0769230769230769,27.707788361782963,Mixed
phillram,0.0,0.0,,0.0,,0.0,,general,0.0,0.0,0.0,0.0,,0.0,,0.0,2025-08-28 23:32:32+00:00,2026-02-24 23:32:32+00:00,balanced contribution across multiple dimensions,0.0,0.0,,0.0,0.0,0.0,Mixed
pierreeurope,0.0,0.0,,0.0,,0.0,,general,0.0,0.0,0.0,0.0,,0.0,,0.0,2025-08-28 23:32:32+00:00,2026-02-24 23:32:32+00:00,balanced contribution across multiple dimensions,0.0,0.0,,0.0,0.0,0.0,Mixed
pl,14.0,64.01452505342448,2.117777777777777,0.2857142857142857,100.0,6.0,14.0,"backend,data,general",3.0,63.0,27.0,8.0,6.0,8.0,46.0,1.0,2025-08-28 23:32:32+00:00,2026-02-24 23:32:32+00:00,"high review leverage, strong execution flow, consistent weekly presence",0.7026315789473684,0.8892976588628763,0.9990276919177004,1.0,0.6153846153846154,84.45065037260461,Balanced
posthog,0.0,0.0,,0.0,,0.0,,general,0.0,0.0,0.0,0.0,,0.0,,0.0,2025-08-28 23:32:32+00:00,2026-02-24 23:32:32+00:00,balanced contribution across multiple dimensions,0.0,0.0,,0.0,0.0,0.0,Mixed
posthog-bot,1.0,6.023447592961033,1978.4,0.0,100.0,1.0,1.0,infra,1.0,0.0,0.0,0.0,,0.0,2.0,0.0305576776165011,2025-08-28 23:32:32+00:00,2026-02-24 23:32:32+00:00,balanced contribution across multiple dimensions,0.0894736842105263,0.0,0.35,0.1666666666666666,0.0,9.906453969147467,Mixed
posthog-js-upgrader,10.0,46.872308773969934,1.0361111111111112,0.1,100.0,3.0,10.0,general,1.0,0.0,0.0,0.0,,0.0,11.0,0.3055767761650114,2025-08-28 23:32:32+00:00,2026-02-24 23:32:32+00:00,strong execution flow,0.4447368421052631,0.0,1.0,0.5,0.0,36.397873024808,Mixed
rafaeelaudibert,41.0,190.2542197238857,22.51222222222222,0.3902439024390244,100.0,6.0,41.0,"backend,data,frontend,general,infra,product_ops,security",7.0,131.0,77.0,29.0,6.0,29.0,42.4,1.0,2025-08-28 23:32:32+00:00,2026-02-24 23:32:32+00:00,"top-tier shipping impact, high review leverage, strong execution flow",1.0,1.0,0.8849000190121116,1.0,1.0,98.27350028518168,Balanced
ragini-pandey,0.0,0.0,,0.0,,0.0,,general,0.0,0.0,0.0,0.0,,0.0,,0.0,2025-08-28 23:32:32+00:00,2026-02-24 23:32:32+00:00,balanced contribution across multiple dimensions,0.0,0.0,,0.0,0.0,0.0,Mixed
raquelmsmith,1.0,2.302585092994046,280.39944444444444,0.0,100.0,1.0,1.0,"frontend,product_ops",2.0,1.0,1.0,1.0,1.0,1.0,2.5,0.0458365164247517,2025-08-28 23:32:32+00:00,2026-02-24 23:32:32+00:00,balanced contribution across multiple dimensions,0.1394736842105263,0.0371785261215545,0.35,0.1666666666666666,0.0769230769230769,13.257936279499608,Mixed
richardsolomou,15.0,63.28990241707875,2.2569444444444446,0.3333333333333333,100.0,3.0,15.0,"backend,data,frontend,general",4.0,17.0,17.0,4.0,3.0,4.0,24.5,0.7181054239877769,2025-08-28 23:32:32+00:00,2026-02-24 23:32:32+00:00,"top-tier shipping impact, strong execution flow, strong recent momentum",0.7921052631578946,0.3820349440664281,0.9982489127822372,0.5,0.3076923076923077,63.54574250493196,Shipper
rnegron,1.0,1.6094379124341005,11.234166666666669,0.0,100.0,1.0,1.0,product_ops,1.0,0.0,0.0,0.0,,0.0,2.0,0.0305576776165011,2025-08-28 23:32:32+00:00,2026-02-24 23:32:32+00:00,strong execution flow,0.0894736842105263,0.0,0.9480122179720654,0.1666666666666666,0.0,18.87663723872845,Mixed
robbie-c,18.0,85.23178557774904,8.142083333333334,0.2222222222222222,100.0,5.0,18.0,"data,general,infra",3.0,14.0,8.0,7.0,5.0,7.0,25.5,0.7486631016042781,2025-08-28 23:32:32+00:00,2026-02-24 23:32:32+00:00,"top-tier shipping impact, strong execution flow, consistent weekly presence",0.8605263157894737,0.3557836466382191,0.9653155711585072,0.8333333333333334,0.5384615384615384,70.3946939410088,Shipper
rodrigoi,16.0,78.60940010290416,27.4575,0.3125,100.0,3.0,16.0,"frontend,general",2.0,17.0,14.0,5.0,3.0,5.0,25.5,0.7486631016042781,2025-08-28 23:32:32+00:00,2026-02-24 23:32:32+00:00,"strong execution flow, strong recent momentum",0.731578947368421,0.3862155460731171,0.8572261568391588,0.5,0.3846153846153846,60.79393428766456,Shipper
rohan-pandeyy,0.0,0.0,,0.0,,0.0,,general,0.0,0.0,0.0,0.0,,0.0,,0.0,2025-08-28 23:32:32+00:00,2026-02-24 23:32:32+00:00,balanced contribution across multiple dimensions,0.0,0.0,,0.0,0.0,0.0,Mixed
rorylshanks,0.0,0.0,,0.0,,4.0,,general,0.0,11.0,10.0,7.0,4.0,7.0,4.0,0.0916730328495034,2025-08-28 23:32:32+00:00,2026-02-24 23:32:32+00:00,balanced contribution across multiple dimensions,0.0,0.3270239880059968,,0.6666666666666666,0.5384615384615384,21.143612079927003,Mixed
rossgray,4.0,17.977050857795167,12.01013888888889,0.25,100.0,2.0,4.0,"general,security",2.0,7.0,4.0,2.0,2.0,2.0,8.5,0.2291825821237585,2025-08-28 23:32:32+00:00,2026-02-24 23:32:32+00:00,strong execution flow,0.2578947368421053,0.1490456694729557,0.9436698636508756,0.3333333333333333,0.1538461538461538,32.78165248988264,Mixed
sakce,25.0,103.37807983636412,24.72361111111111,0.04,100.0,4.0,25.0,"backend,data,general,infra,product_ops",5.0,41.0,29.0,12.0,4.0,12.0,46.5,1.0,2025-08-28 23:32:32+00:00,2026-02-24 23:32:32+00:00,"top-tier shipping impact, high review leverage, strong execution flow",1.0,0.9064265943951098,0.8725250475601721,0.6666666666666666,0.9230769230769232,91.64597647071622,Balanced
salmanmkc,0.0,0.0,,0.0,,0.0,,general,0.0,0.0,0.0,0.0,,0.0,,0.0,2025-08-28 23:32:32+00:00,2026-02-24 23:32:32+00:00,balanced contribution across multiple dimensions,0.0,0.0,,0.0,0.0,0.0,Mixed
sampennington,35.0,147.27311817343062,21.76527777777778,0.1142857142857142,100.0,4.0,35.0,"data,general,product_ops",3.0,34.0,30.0,11.0,4.0,11.0,53.0,1.0,2025-08-28 23:32:32+00:00,2026-02-24 23:32:32+00:00,"top-tier shipping impact, high review leverage, strong execution flow",0.9,0.8011936339522543,0.8890799333739084,0.6666666666666666,0.8461538461538461,85.49424497762011,Balanced
sapdragon,0.0,0.0,,0.0,,0.0,,general,0.0,0.0,0.0,0.0,,0.0,,0.0,2025-08-28 23:32:32+00:00,2026-02-24 23:32:32+00:00,balanced contribution across multiple dimensions,0.0,0.0,,0.0,0.0,0.0,Mixed
sarahxsanders,1.0,5.973809611869261,20.73444444444445,0.0,100.0,3.0,1.0,product_ops,1.0,3.0,3.0,2.0,3.0,2.0,3.5,0.0763941940412528,2025-08-28 23:32:32+00:00,2026-02-24 23:32:32+00:00,strong execution flow,0.0894736842105263,0.0923048091338945,0.8948484949940751,0.5,0.1538461538461538,25.716961658448344,Mixed
scheduled-actions-posthog,17.0,70.78232758535883,2.390277777777778,0.0,100.0,3.0,17.0,data,1.0,0.0,0.0,0.0,,0.0,18.0,0.5194805194805194,2025-08-28 23:32:32+00:00,2026-02-24 23:32:32+00:00,strong execution flow,0.7210526315789474,0.0,0.99750277708359,0.5,0.0,46.78892579842746,Shipper
skoob13,25.0,108.0525483959168,4.844444444444444,0.24,96.0,5.0,25.0,"data,frontend,general,infra,product_ops,security",6.0,34.0,20.0,13.0,5.0,13.0,43.0,1.0,2025-08-28 23:32:32+00:00,2026-02-24 23:32:32+00:00,"top-tier shipping impact, high review leverage, strong execution flow",1.0,0.7899896205743278,0.9697692168803635,0.8333333333333334,1.0,92.62961210089698,Balanced
slshults,0.0,0.0,,0.0,,1.0,,general,0.0,3.0,1.0,1.0,1.0,1.0,2.5,0.0458365164247517,2025-08-28 23:32:32+00:00,2026-02-24 23:32:32+00:00,balanced contribution across multiple dimensions,0.0,0.0630405950870718,,0.1666666666666666,0.0769230769230769,4.470277477321749,Mixed
sortafreel,13.0,49.83186886563571,1.0683333333333334,0.1538461538461538,100.0,5.0,13.0,"data,general,infra",3.0,39.0,29.0,5.0,5.0,5.0,33.5,0.9931245225362872,2025-08-28 23:32:32+00:00,2026-02-24 23:32:32+00:00,"strong execution flow, consistent weekly presence, strong recent momentum",0.6631578947368422,0.7459491408142078,1.0,0.8333333333333334,0.3846153846153846,75.65419776731052,Balanced
tatoalo,11.0,41.78902444463226,15.758888888888889,0.0,100.0,4.0,11.0,"frontend,general,infra",3.0,30.0,27.0,8.0,4.0,8.0,27.0,0.7944996180290298,2025-08-28 23:32:32+00:00,2026-02-24 23:32:32+00:00,"strong execution flow, strong recent momentum",0.5842105263157895,0.6772286933456346,0.9226917921485958,0.6666666666666666,0.6153846153846154,69.0629190061466,Reviewer
tests-posthog,1.0,6.499787040655854,28.63222222222222,1.0,100.0,1.0,1.0,"backend,infra,product_ops",3.0,0.0,0.0,0.0,,0.0,2.0,0.0305576776165011,2025-08-28 23:32:32+00:00,2026-02-24 23:32:32+00:00,strong execution flow,0.1894736842105263,0.0,0.8506523904442018,0.1666666666666666,0.0,20.416239825810496,Mixed
themavik,0.0,0.0,,0.0,,0.0,,general,0.0,0.0,0.0,0.0,,0.0,,0.0,2025-08-28 23:32:32+00:00,2026-02-24 23:32:32+00:00,balanced contribution across multiple dimensions,0.0,0.0,,0.0,0.0,0.0,Mixed
thmsobrmlr,16.0,76.8660902434894,108.15263888888887,0.125,100.0,5.0,16.0,"data,frontend,general,infra,product_ops",5.0,60.0,44.0,22.0,5.0,22.0,31.0,0.9167303284950344,2025-08-28 23:32:32+00:00,2026-02-24 23:32:32+00:00,"top-tier shipping impact, high review leverage, consistent weekly presence",0.881578947368421,1.0,0.4056547280969115,0.8333333333333334,1.0,85.03282596078998,Balanced
timgl,4.0,19.45457444193802,32.11,0.25,100.0,2.0,4.0,"backend,general,infra",3.0,5.0,0.0,1.0,1.0,1.0,7.5,0.1986249045072574,2025-08-28 23:32:32+00:00,2026-02-24 23:32:32+00:00,strong execution flow,0.3078947368421052,0.0838859416445622,0.8311906843044856,0.3333333333333333,0.0769230769230769,29.890664058581173,Mixed
timon0305,0.0,0.0,,0.0,,0.0,,general,0.0,0.0,0.0,0.0,,0.0,,0.0,2025-08-28 23:32:32+00:00,2026-02-24 23:32:32+00:00,balanced contribution across multiple dimensions,0.0,0.0,,0.0,0.0,0.0,Mixed
tojin12341za,0.0,0.0,,0.0,,1.0,,general,0.0,2.0,0.0,2.0,1.0,2.0,2.0,0.0305576776165011,2025-08-28 23:32:32+00:00,2026-02-24 23:32:32+00:00,balanced contribution across multiple dimensions,0.0,0.0643236074270556,,0.1666666666666666,0.1538461538461538,5.118795166969608,Mixed
tomasfarias,6.0,21.6976982899887,1.7504166666666667,0.0,100.0,2.0,6.0,"backend,general,product_ops",3.0,6.0,1.0,1.0,1.0,1.0,10.0,0.2750190985485103,2025-08-28 23:32:32+00:00,2026-02-24 23:32:32+00:00,strong execution flow,0.3868421052631579,0.1018336985353476,1.0,0.3333333333333333,0.0769230769230769,36.003860709327626,Mixed
vdekrijger,16.0,62.8875066653883,12.225972222222222,0.0625,100.0,5.0,16.0,"frontend,general,infra,product_ops,security",5.0,34.0,32.0,7.0,5.0,7.0,22.33333333333333,0.6518971224853577,2025-08-28 23:32:32+00:00,2026-02-24 23:32:32+00:00,"top-tier shipping impact, strong execution flow, consistent weekly presence",0.881578947368421,0.7242705570291774,0.9424620564886902,0.8333333333333334,0.5384615384615384,78.92798313691472,Balanced
veryayskiy,24.0,91.7155273895796,1.2238888888888888,0.0833333333333333,100.0,3.0,24.0,"backend,data,general",3.0,35.0,31.0,19.0,3.0,19.0,42.5,1.0,2025-08-28 23:32:32+00:00,2026-02-24 23:32:32+00:00,"top-tier shipping impact, high review leverage, strong execution flow",0.9,0.8525862068965514,1.0,0.5,1.0,88.3146551724138,Balanced
vmaineng,0.0,0.0,,0.0,,0.0,,general,0.0,0.0,0.0,0.0,,0.0,,0.0,2025-08-28 23:32:32+00:00,2026-02-24 23:32:32+00:00,balanced contribution across multiple dimensions,0.0,0.0,,0.0,0.0,0.0,Mixed
webjunkie,33.0,137.66413142483427,13.227222222222222,0.1515151515151515,96.96969696969695,7.0,33.0,"backend,frontend,general,infra,product_ops,rust",6.0,69.0,59.0,24.0,7.0,24.0,33.75,1.0,2025-08-28 23:32:32+00:00,2026-02-24 23:32:32+00:00,"top-tier shipping impact, high review leverage, strong execution flow",1.0,1.0,0.9262529831206002,1.0,1.0,98.893794746809,Balanced
will-marella,1.0,1.0986122886681098,99.17277777777778,0.0,100.0,1.0,1.0,"data,frontend",2.0,0.0,0.0,0.0,,0.0,2.0,0.0305576776165011,2025-08-28 23:32:32+00:00,2026-02-24 23:32:32+00:00,balanced contribution across multiple dimensions,0.1394736842105263,0.0,0.4559061901761191,0.1666666666666666,0.0,12.995046821789256,Mixed
willwearing,0.0,0.0,,0.0,,0.0,,general,0.0,0.0,0.0,0.0,,0.0,,0.0,2025-08-28 23:32:32+00:00,2026-02-24 23:32:32+00:00,balanced contribution across multiple dimensions,0.0,0.0,,0.0,0.0,0.0,Mixed
wudidapaopao,0.0,0.0,,0.0,,0.0,,general,0.0,0.0,0.0,0.0,,0.0,,0.0,2025-08-28 23:32:32+00:00,2026-02-24 23:32:32+00:00,balanced contribution across multiple dimensions,0.0,0.0,,0.0,0.0,0.0,Mixed
yasen-posthog,24.0,103.57829200392707,7.441111111111111,0.125,100.0,3.0,24.0,"backend,frontend,general,infra,product_ops,security",6.0,16.0,9.0,7.0,3.0,7.0,33.0,0.9778456837280366,2025-08-28 23:32:32+00:00,2026-02-24 23:32:32+00:00,"top-tier shipping impact, strong execution flow, strong recent momentum",1.0,0.3866624380117631,0.969238224149208,0.5,0.5384615384615384,74.36820653442796,Shipper
z0br0wn,9.0,50.241591050005766,24.865,0.5555555555555556,100.0,3.0,9.0,"data,general,product_ops",3.0,16.0,11.0,3.0,3.0,3.0,18.0,0.5194805194805194,2025-08-28 23:32:32+00:00,2026-02-24 23:32:32+00:00,strong execution flow,0.5052631578947369,0.3197728059047397,0.8717338328297316,0.5,0.2307692307692307,48.73071987940407,Mixed
